case	model	table	phase	weight	calls	total_ms	avg_us	lhs_shape	rhs_shape	sequence_len
qwen35_0p8b_native4	mlx-community/Qwen3.5-0.8B-MLX-4bit	linear_quantized	decode	model.embed_tokens.weight	5	6.497670	1299.534	[1x1x1024]	[248320x128]	1
qwen3_0p6b_native4	mlx-community/Qwen3-0.6B-4bit	linear_quantized	decode	model.embed_tokens.weight	5	4.100080	820.016	[1x1x1024]	[151936x128]	1
qwen35_0p8b_native4	mlx-community/Qwen3.5-0.8B-MLX-4bit	embedding_quantized	decode	model.embed_tokens.weight	4	0.458585	114.646	[1x1]	[248320x128]	1
qwen35_0p8b_native4	mlx-community/Qwen3.5-0.8B-MLX-4bit	linear_quantized	decode	model.layers.0.linear_attn.in_proj_qkv_z_ba.weight	4	0.397398	99.349	[1x1x1024]	[8224x128]	1
qwen35_0p8b_native4	mlx-community/Qwen3.5-0.8B-MLX-4bit	linear_quantized	decode	model.layers.0.linear_attn.out_proj.weight	4	0.531365	132.841	[1x1x2048]	[1024x256]	1
qwen35_0p8b_native4	mlx-community/Qwen3.5-0.8B-MLX-4bit	linear_quantized	decode	model.layers.0.mlp.down_proj.weight	4	0.278362	69.591	[1x1x3584]	[1024x448]	1
qwen35_0p8b_native4	mlx-community/Qwen3.5-0.8B-MLX-4bit	linear_quantized	decode	model.layers.0.mlp.gate_up_proj.weight	4	0.366409	91.602	[1x1x1024]	[7168x128]	1
qwen35_0p8b_native4	mlx-community/Qwen3.5-0.8B-MLX-4bit	linear_quantized	decode	model.layers.1.linear_attn.in_proj_qkv_z_ba.weight	4	0.397818	99.454	[1x1x1024]	[8224x128]	1
qwen35_0p8b_native4	mlx-community/Qwen3.5-0.8B-MLX-4bit	linear_quantized	decode	model.layers.1.linear_attn.out_proj.weight	4	0.468068	117.017	[1x1x2048]	[1024x256]	1
qwen35_0p8b_native4	mlx-community/Qwen3.5-0.8B-MLX-4bit	linear_quantized	decode	model.layers.1.mlp.down_proj.weight	4	0.274632	68.658	[1x1x3584]	[1024x448]	1
qwen35_0p8b_native4	mlx-community/Qwen3.5-0.8B-MLX-4bit	linear_quantized	decode	model.layers.1.mlp.gate_up_proj.weight	4	0.343730	85.932	[1x1x1024]	[7168x128]	1
qwen35_0p8b_native4	mlx-community/Qwen3.5-0.8B-MLX-4bit	linear_quantized	decode	model.layers.10.linear_attn.in_proj_qkv_z_ba.weight	4	0.397768	99.442	[1x1x1024]	[8224x128]	1
qwen35_0p8b_native4	mlx-community/Qwen3.5-0.8B-MLX-4bit	linear_quantized	decode	model.layers.10.linear_attn.out_proj.weight	4	0.466208	116.552	[1x1x2048]	[1024x256]	1
qwen35_0p8b_native4	mlx-community/Qwen3.5-0.8B-MLX-4bit	linear_quantized	decode	model.layers.10.mlp.down_proj.weight	4	0.274522	68.630	[1x1x3584]	[1024x448]	1
qwen35_0p8b_native4	mlx-community/Qwen3.5-0.8B-MLX-4bit	linear_quantized	decode	model.layers.10.mlp.gate_up_proj.weight	4	0.337131	84.283	[1x1x1024]	[7168x128]	1
qwen35_0p8b_native4	mlx-community/Qwen3.5-0.8B-MLX-4bit	linear_quantized	decode	model.layers.11.mlp.down_proj.weight	4	0.272302	68.075	[1x1x3584]	[1024x448]	1
qwen35_0p8b_native4	mlx-community/Qwen3.5-0.8B-MLX-4bit	linear_quantized	decode	model.layers.11.mlp.gate_up_proj.weight	4	0.339789	84.947	[1x1x1024]	[7168x128]	1
qwen35_0p8b_native4	mlx-community/Qwen3.5-0.8B-MLX-4bit	linear_quantized	decode	model.layers.11.self_attn.o_proj.weight	4	0.399138	99.784	[1x1x2048]	[1024x256]	1
qwen35_0p8b_native4	mlx-community/Qwen3.5-0.8B-MLX-4bit	linear_quantized	decode	model.layers.11.self_attn.qkv_proj.weight	4	0.301372	75.343	[1x1x1024]	[5120x128]	1
qwen35_0p8b_native4	mlx-community/Qwen3.5-0.8B-MLX-4bit	linear_quantized	decode	model.layers.12.linear_attn.in_proj_qkv_z_ba.weight	4	0.416608	104.152	[1x1x1024]	[8224x128]	1
qwen35_0p8b_native4	mlx-community/Qwen3.5-0.8B-MLX-4bit	linear_quantized	decode	model.layers.12.linear_attn.out_proj.weight	4	0.465725	116.431	[1x1x2048]	[1024x256]	1
qwen35_0p8b_native4	mlx-community/Qwen3.5-0.8B-MLX-4bit	linear_quantized	decode	model.layers.12.mlp.down_proj.weight	4	0.279171	69.793	[1x1x3584]	[1024x448]	1
qwen35_0p8b_native4	mlx-community/Qwen3.5-0.8B-MLX-4bit	linear_quantized	decode	model.layers.12.mlp.gate_up_proj.weight	4	0.337609	84.402	[1x1x1024]	[7168x128]	1
qwen35_0p8b_native4	mlx-community/Qwen3.5-0.8B-MLX-4bit	linear_quantized	decode	model.layers.13.linear_attn.in_proj_qkv_z_ba.weight	4	0.416958	104.239	[1x1x1024]	[8224x128]	1
qwen35_0p8b_native4	mlx-community/Qwen3.5-0.8B-MLX-4bit	linear_quantized	decode	model.layers.13.linear_attn.out_proj.weight	4	0.465656	116.414	[1x1x2048]	[1024x256]	1
qwen35_0p8b_native4	mlx-community/Qwen3.5-0.8B-MLX-4bit	linear_quantized	decode	model.layers.13.mlp.down_proj.weight	4	0.274952	68.738	[1x1x3584]	[1024x448]	1
qwen35_0p8b_native4	mlx-community/Qwen3.5-0.8B-MLX-4bit	linear_quantized	decode	model.layers.13.mlp.gate_up_proj.weight	4	0.345160	86.290	[1x1x1024]	[7168x128]	1
qwen35_0p8b_native4	mlx-community/Qwen3.5-0.8B-MLX-4bit	linear_quantized	decode	model.layers.14.linear_attn.in_proj_qkv_z_ba.weight	4	0.391449	97.862	[1x1x1024]	[8224x128]	1
qwen35_0p8b_native4	mlx-community/Qwen3.5-0.8B-MLX-4bit	linear_quantized	decode	model.layers.14.linear_attn.out_proj.weight	4	0.464047	116.012	[1x1x2048]	[1024x256]	1
qwen35_0p8b_native4	mlx-community/Qwen3.5-0.8B-MLX-4bit	linear_quantized	decode	model.layers.14.mlp.down_proj.weight	4	0.271312	67.828	[1x1x3584]	[1024x448]	1
qwen35_0p8b_native4	mlx-community/Qwen3.5-0.8B-MLX-4bit	linear_quantized	decode	model.layers.14.mlp.gate_up_proj.weight	4	0.346261	86.565	[1x1x1024]	[7168x128]	1
qwen35_0p8b_native4	mlx-community/Qwen3.5-0.8B-MLX-4bit	linear_quantized	decode	model.layers.15.mlp.down_proj.weight	4	0.286652	71.663	[1x1x3584]	[1024x448]	1
qwen35_0p8b_native4	mlx-community/Qwen3.5-0.8B-MLX-4bit	linear_quantized	decode	model.layers.15.mlp.gate_up_proj.weight	4	0.338939	84.735	[1x1x1024]	[7168x128]	1
qwen35_0p8b_native4	mlx-community/Qwen3.5-0.8B-MLX-4bit	linear_quantized	decode	model.layers.15.self_attn.o_proj.weight	4	0.394398	98.600	[1x1x2048]	[1024x256]	1
qwen35_0p8b_native4	mlx-community/Qwen3.5-0.8B-MLX-4bit	linear_quantized	decode	model.layers.15.self_attn.qkv_proj.weight	4	0.294541	73.635	[1x1x1024]	[5120x128]	1
qwen35_0p8b_native4	mlx-community/Qwen3.5-0.8B-MLX-4bit	linear_quantized	decode	model.layers.16.linear_attn.in_proj_qkv_z_ba.weight	4	0.394398	98.600	[1x1x1024]	[8224x128]	1
qwen35_0p8b_native4	mlx-community/Qwen3.5-0.8B-MLX-4bit	linear_quantized	decode	model.layers.16.linear_attn.out_proj.weight	4	0.471386	117.847	[1x1x2048]	[1024x256]	1
qwen35_0p8b_native4	mlx-community/Qwen3.5-0.8B-MLX-4bit	linear_quantized	decode	model.layers.16.mlp.down_proj.weight	4	0.273762	68.441	[1x1x3584]	[1024x448]	1
qwen35_0p8b_native4	mlx-community/Qwen3.5-0.8B-MLX-4bit	linear_quantized	decode	model.layers.16.mlp.gate_up_proj.weight	4	0.347690	86.922	[1x1x1024]	[7168x128]	1
qwen35_0p8b_native4	mlx-community/Qwen3.5-0.8B-MLX-4bit	linear_quantized	decode	model.layers.17.linear_attn.in_proj_qkv_z_ba.weight	4	0.405319	101.330	[1x1x1024]	[8224x128]	1
qwen35_0p8b_native4	mlx-community/Qwen3.5-0.8B-MLX-4bit	linear_quantized	decode	model.layers.17.linear_attn.out_proj.weight	4	0.460516	115.129	[1x1x2048]	[1024x256]	1
qwen35_0p8b_native4	mlx-community/Qwen3.5-0.8B-MLX-4bit	linear_quantized	decode	model.layers.17.mlp.down_proj.weight	4	0.280382	70.096	[1x1x3584]	[1024x448]	1
qwen35_0p8b_native4	mlx-community/Qwen3.5-0.8B-MLX-4bit	linear_quantized	decode	model.layers.17.mlp.gate_up_proj.weight	4	0.341169	85.292	[1x1x1024]	[7168x128]	1
qwen35_0p8b_native4	mlx-community/Qwen3.5-0.8B-MLX-4bit	linear_quantized	decode	model.layers.18.linear_attn.in_proj_qkv_z_ba.weight	4	0.402238	100.559	[1x1x1024]	[8224x128]	1
qwen35_0p8b_native4	mlx-community/Qwen3.5-0.8B-MLX-4bit	linear_quantized	decode	model.layers.18.linear_attn.out_proj.weight	4	0.458787	114.697	[1x1x2048]	[1024x256]	1
qwen35_0p8b_native4	mlx-community/Qwen3.5-0.8B-MLX-4bit	linear_quantized	decode	model.layers.18.mlp.down_proj.weight	4	0.267013	66.753	[1x1x3584]	[1024x448]	1
qwen35_0p8b_native4	mlx-community/Qwen3.5-0.8B-MLX-4bit	linear_quantized	decode	model.layers.18.mlp.gate_up_proj.weight	4	0.340110	85.028	[1x1x1024]	[7168x128]	1
qwen35_0p8b_native4	mlx-community/Qwen3.5-0.8B-MLX-4bit	linear_quantized	decode	model.layers.19.mlp.down_proj.weight	4	0.277382	69.346	[1x1x3584]	[1024x448]	1
qwen35_0p8b_native4	mlx-community/Qwen3.5-0.8B-MLX-4bit	linear_quantized	decode	model.layers.19.mlp.gate_up_proj.weight	4	0.335430	83.858	[1x1x1024]	[7168x128]	1
qwen35_0p8b_native4	mlx-community/Qwen3.5-0.8B-MLX-4bit	linear_quantized	decode	model.layers.19.self_attn.o_proj.weight	4	0.390629	97.657	[1x1x2048]	[1024x256]	1
qwen35_0p8b_native4	mlx-community/Qwen3.5-0.8B-MLX-4bit	linear_quantized	decode	model.layers.19.self_attn.qkv_proj.weight	4	0.298531	74.633	[1x1x1024]	[5120x128]	1
qwen35_0p8b_native4	mlx-community/Qwen3.5-0.8B-MLX-4bit	linear_quantized	decode	model.layers.2.linear_attn.in_proj_qkv_z_ba.weight	4	0.389848	97.462	[1x1x1024]	[8224x128]	1
qwen35_0p8b_native4	mlx-community/Qwen3.5-0.8B-MLX-4bit	linear_quantized	decode	model.layers.2.linear_attn.out_proj.weight	4	0.547454	136.863	[1x1x2048]	[1024x256]	1
qwen35_0p8b_native4	mlx-community/Qwen3.5-0.8B-MLX-4bit	linear_quantized	decode	model.layers.2.mlp.down_proj.weight	4	0.285011	71.253	[1x1x3584]	[1024x448]	1
qwen35_0p8b_native4	mlx-community/Qwen3.5-0.8B-MLX-4bit	linear_quantized	decode	model.layers.2.mlp.gate_up_proj.weight	4	0.343819	85.955	[1x1x1024]	[7168x128]	1
qwen35_0p8b_native4	mlx-community/Qwen3.5-0.8B-MLX-4bit	linear_quantized	decode	model.layers.20.linear_attn.in_proj_qkv_z_ba.weight	4	0.394769	98.692	[1x1x1024]	[8224x128]	1
qwen35_0p8b_native4	mlx-community/Qwen3.5-0.8B-MLX-4bit	linear_quantized	decode	model.layers.20.linear_attn.out_proj.weight	4	0.462806	115.701	[1x1x2048]	[1024x256]	1
qwen35_0p8b_native4	mlx-community/Qwen3.5-0.8B-MLX-4bit	linear_quantized	decode	model.layers.20.mlp.down_proj.weight	4	0.268482	67.120	[1x1x3584]	[1024x448]	1
qwen35_0p8b_native4	mlx-community/Qwen3.5-0.8B-MLX-4bit	linear_quantized	decode	model.layers.20.mlp.gate_up_proj.weight	4	0.342111	85.528	[1x1x1024]	[7168x128]	1
qwen35_0p8b_native4	mlx-community/Qwen3.5-0.8B-MLX-4bit	linear_quantized	decode	model.layers.21.linear_attn.in_proj_qkv_z_ba.weight	4	0.397168	99.292	[1x1x1024]	[8224x128]	1
qwen35_0p8b_native4	mlx-community/Qwen3.5-0.8B-MLX-4bit	linear_quantized	decode	model.layers.21.linear_attn.out_proj.weight	4	0.463737	115.934	[1x1x2048]	[1024x256]	1
qwen35_0p8b_native4	mlx-community/Qwen3.5-0.8B-MLX-4bit	linear_quantized	decode	model.layers.21.mlp.down_proj.weight	4	0.269142	67.285	[1x1x3584]	[1024x448]	1
qwen35_0p8b_native4	mlx-community/Qwen3.5-0.8B-MLX-4bit	linear_quantized	decode	model.layers.21.mlp.gate_up_proj.weight	4	0.339081	84.770	[1x1x1024]	[7168x128]	1
qwen35_0p8b_native4	mlx-community/Qwen3.5-0.8B-MLX-4bit	linear_quantized	decode	model.layers.22.linear_attn.in_proj_qkv_z_ba.weight	4	0.395878	98.969	[1x1x1024]	[8224x128]	1
qwen35_0p8b_native4	mlx-community/Qwen3.5-0.8B-MLX-4bit	linear_quantized	decode	model.layers.22.linear_attn.out_proj.weight	4	0.464677	116.169	[1x1x2048]	[1024x256]	1
qwen35_0p8b_native4	mlx-community/Qwen3.5-0.8B-MLX-4bit	linear_quantized	decode	model.layers.22.mlp.down_proj.weight	4	0.272032	68.008	[1x1x3584]	[1024x448]	1
qwen35_0p8b_native4	mlx-community/Qwen3.5-0.8B-MLX-4bit	linear_quantized	decode	model.layers.22.mlp.gate_up_proj.weight	4	0.339921	84.980	[1x1x1024]	[7168x128]	1
qwen35_0p8b_native4	mlx-community/Qwen3.5-0.8B-MLX-4bit	linear_quantized	decode	model.layers.23.mlp.down_proj.weight	4	0.284172	71.043	[1x1x3584]	[1024x448]	1
qwen35_0p8b_native4	mlx-community/Qwen3.5-0.8B-MLX-4bit	linear_quantized	decode	model.layers.23.mlp.gate_up_proj.weight	4	0.354670	88.667	[1x1x1024]	[7168x128]	1
qwen35_0p8b_native4	mlx-community/Qwen3.5-0.8B-MLX-4bit	linear_quantized	decode	model.layers.23.self_attn.o_proj.weight	4	0.393769	98.442	[1x1x2048]	[1024x256]	1
qwen35_0p8b_native4	mlx-community/Qwen3.5-0.8B-MLX-4bit	linear_quantized	decode	model.layers.23.self_attn.qkv_proj.weight	4	0.300552	75.138	[1x1x1024]	[5120x128]	1
qwen35_0p8b_native4	mlx-community/Qwen3.5-0.8B-MLX-4bit	linear_quantized	decode	model.layers.3.mlp.down_proj.weight	4	0.275541	68.885	[1x1x3584]	[1024x448]	1
qwen35_0p8b_native4	mlx-community/Qwen3.5-0.8B-MLX-4bit	linear_quantized	decode	model.layers.3.mlp.gate_up_proj.weight	4	0.340078	85.019	[1x1x1024]	[7168x128]	1
qwen35_0p8b_native4	mlx-community/Qwen3.5-0.8B-MLX-4bit	linear_quantized	decode	model.layers.3.self_attn.o_proj.weight	4	0.397028	99.257	[1x1x2048]	[1024x256]	1
qwen35_0p8b_native4	mlx-community/Qwen3.5-0.8B-MLX-4bit	linear_quantized	decode	model.layers.3.self_attn.qkv_proj.weight	4	0.298922	74.731	[1x1x1024]	[5120x128]	1
qwen35_0p8b_native4	mlx-community/Qwen3.5-0.8B-MLX-4bit	linear_quantized	decode	model.layers.4.linear_attn.in_proj_qkv_z_ba.weight	4	0.394338	98.585	[1x1x1024]	[8224x128]	1
qwen35_0p8b_native4	mlx-community/Qwen3.5-0.8B-MLX-4bit	linear_quantized	decode	model.layers.4.linear_attn.out_proj.weight	4	0.467937	116.984	[1x1x2048]	[1024x256]	1
qwen35_0p8b_native4	mlx-community/Qwen3.5-0.8B-MLX-4bit	linear_quantized	decode	model.layers.4.mlp.down_proj.weight	4	0.274512	68.628	[1x1x3584]	[1024x448]	1
qwen35_0p8b_native4	mlx-community/Qwen3.5-0.8B-MLX-4bit	linear_quantized	decode	model.layers.4.mlp.gate_up_proj.weight	4	0.342580	85.645	[1x1x1024]	[7168x128]	1
qwen35_0p8b_native4	mlx-community/Qwen3.5-0.8B-MLX-4bit	linear_quantized	decode	model.layers.5.linear_attn.in_proj_qkv_z_ba.weight	4	0.394398	98.600	[1x1x1024]	[8224x128]	1
qwen35_0p8b_native4	mlx-community/Qwen3.5-0.8B-MLX-4bit	linear_quantized	decode	model.layers.5.linear_attn.out_proj.weight	4	0.469397	117.349	[1x1x2048]	[1024x256]	1
qwen35_0p8b_native4	mlx-community/Qwen3.5-0.8B-MLX-4bit	linear_quantized	decode	model.layers.5.mlp.down_proj.weight	4	0.279721	69.930	[1x1x3584]	[1024x448]	1
qwen35_0p8b_native4	mlx-community/Qwen3.5-0.8B-MLX-4bit	linear_quantized	decode	model.layers.5.mlp.gate_up_proj.weight	4	0.340151	85.038	[1x1x1024]	[7168x128]	1
qwen35_0p8b_native4	mlx-community/Qwen3.5-0.8B-MLX-4bit	linear_quantized	decode	model.layers.6.linear_attn.in_proj_qkv_z_ba.weight	4	0.394568	98.642	[1x1x1024]	[8224x128]	1
qwen35_0p8b_native4	mlx-community/Qwen3.5-0.8B-MLX-4bit	linear_quantized	decode	model.layers.6.linear_attn.out_proj.weight	4	0.467976	116.994	[1x1x2048]	[1024x256]	1
qwen35_0p8b_native4	mlx-community/Qwen3.5-0.8B-MLX-4bit	linear_quantized	decode	model.layers.6.mlp.down_proj.weight	4	0.276481	69.120	[1x1x3584]	[1024x448]	1
qwen35_0p8b_native4	mlx-community/Qwen3.5-0.8B-MLX-4bit	linear_quantized	decode	model.layers.6.mlp.gate_up_proj.weight	4	0.344639	86.160	[1x1x1024]	[7168x128]	1
qwen35_0p8b_native4	mlx-community/Qwen3.5-0.8B-MLX-4bit	linear_quantized	decode	model.layers.7.mlp.down_proj.weight	4	0.276262	69.066	[1x1x3584]	[1024x448]	1
qwen35_0p8b_native4	mlx-community/Qwen3.5-0.8B-MLX-4bit	linear_quantized	decode	model.layers.7.mlp.gate_up_proj.weight	4	0.384577	96.144	[1x1x1024]	[7168x128]	1
qwen35_0p8b_native4	mlx-community/Qwen3.5-0.8B-MLX-4bit	linear_quantized	decode	model.layers.7.self_attn.o_proj.weight	4	0.396448	99.112	[1x1x2048]	[1024x256]	1
qwen35_0p8b_native4	mlx-community/Qwen3.5-0.8B-MLX-4bit	linear_quantized	decode	model.layers.7.self_attn.qkv_proj.weight	4	0.301731	75.433	[1x1x1024]	[5120x128]	1
qwen35_0p8b_native4	mlx-community/Qwen3.5-0.8B-MLX-4bit	linear_quantized	decode	model.layers.8.linear_attn.in_proj_qkv_z_ba.weight	4	0.395319	98.830	[1x1x1024]	[8224x128]	1
qwen35_0p8b_native4	mlx-community/Qwen3.5-0.8B-MLX-4bit	linear_quantized	decode	model.layers.8.linear_attn.out_proj.weight	4	0.494105	123.526	[1x1x2048]	[1024x256]	1
qwen35_0p8b_native4	mlx-community/Qwen3.5-0.8B-MLX-4bit	linear_quantized	decode	model.layers.8.mlp.down_proj.weight	4	0.275252	68.813	[1x1x3584]	[1024x448]	1
qwen35_0p8b_native4	mlx-community/Qwen3.5-0.8B-MLX-4bit	linear_quantized	decode	model.layers.8.mlp.gate_up_proj.weight	4	0.342889	85.722	[1x1x1024]	[7168x128]	1
qwen35_0p8b_native4	mlx-community/Qwen3.5-0.8B-MLX-4bit	linear_quantized	decode	model.layers.9.linear_attn.in_proj_qkv_z_ba.weight	4	0.399708	99.927	[1x1x1024]	[8224x128]	1
qwen35_0p8b_native4	mlx-community/Qwen3.5-0.8B-MLX-4bit	linear_quantized	decode	model.layers.9.linear_attn.out_proj.weight	4	0.466325	116.581	[1x1x2048]	[1024x256]	1
qwen35_0p8b_native4	mlx-community/Qwen3.5-0.8B-MLX-4bit	linear_quantized	decode	model.layers.9.mlp.down_proj.weight	4	0.281351	70.338	[1x1x3584]	[1024x448]	1
qwen35_0p8b_native4	mlx-community/Qwen3.5-0.8B-MLX-4bit	linear_quantized	decode	model.layers.9.mlp.gate_up_proj.weight	4	0.342710	85.678	[1x1x1024]	[7168x128]	1
qwen3_0p6b_native4	mlx-community/Qwen3-0.6B-4bit	embedding_quantized	decode	model.embed_tokens.weight	4	0.443057	110.764	[1x1]	[151936x128]	1
qwen3_0p6b_native4	mlx-community/Qwen3-0.6B-4bit	linear_quantized	decode	model.layers.0.mlp.down_proj.weight	4	0.266813	66.703	[1x1x3072]	[1024x384]	1
qwen3_0p6b_native4	mlx-community/Qwen3-0.6B-4bit	linear_quantized	decode	model.layers.0.mlp.gate_up_proj.weight	4	0.335949	83.987	[1x1x1024]	[6144x128]	1
qwen3_0p6b_native4	mlx-community/Qwen3-0.6B-4bit	linear_quantized	decode	model.layers.0.self_attn.o_proj.weight	4	0.345919	86.480	[1x1x2048]	[1024x256]	1
qwen3_0p6b_native4	mlx-community/Qwen3-0.6B-4bit	linear_quantized	decode	model.layers.0.self_attn.qkv_proj.weight	4	0.280442	70.111	[1x1x1024]	[4096x128]	1
qwen3_0p6b_native4	mlx-community/Qwen3-0.6B-4bit	linear_quantized	decode	model.layers.1.mlp.down_proj.weight	4	0.256882	64.221	[1x1x3072]	[1024x384]	1
qwen3_0p6b_native4	mlx-community/Qwen3-0.6B-4bit	linear_quantized	decode	model.layers.1.mlp.gate_up_proj.weight	4	0.332531	83.133	[1x1x1024]	[6144x128]	1
qwen3_0p6b_native4	mlx-community/Qwen3-0.6B-4bit	linear_quantized	decode	model.layers.1.self_attn.o_proj.weight	4	0.330420	82.605	[1x1x2048]	[1024x256]	1
qwen3_0p6b_native4	mlx-community/Qwen3-0.6B-4bit	linear_quantized	decode	model.layers.1.self_attn.qkv_proj.weight	4	0.291162	72.790	[1x1x1024]	[4096x128]	1
qwen3_0p6b_native4	mlx-community/Qwen3-0.6B-4bit	linear_quantized	decode	model.layers.10.mlp.down_proj.weight	4	0.255042	63.761	[1x1x3072]	[1024x384]	1
qwen3_0p6b_native4	mlx-community/Qwen3-0.6B-4bit	linear_quantized	decode	model.layers.10.mlp.gate_up_proj.weight	4	0.334250	83.562	[1x1x1024]	[6144x128]	1
qwen3_0p6b_native4	mlx-community/Qwen3-0.6B-4bit	linear_quantized	decode	model.layers.10.self_attn.o_proj.weight	4	0.326870	81.718	[1x1x2048]	[1024x256]	1
qwen3_0p6b_native4	mlx-community/Qwen3-0.6B-4bit	linear_quantized	decode	model.layers.10.self_attn.qkv_proj.weight	4	0.281441	70.360	[1x1x1024]	[4096x128]	1
qwen3_0p6b_native4	mlx-community/Qwen3-0.6B-4bit	linear_quantized	decode	model.layers.11.mlp.down_proj.weight	4	0.258393	64.598	[1x1x3072]	[1024x384]	1
qwen3_0p6b_native4	mlx-community/Qwen3-0.6B-4bit	linear_quantized	decode	model.layers.11.mlp.gate_up_proj.weight	4	0.329810	82.453	[1x1x1024]	[6144x128]	1
qwen3_0p6b_native4	mlx-community/Qwen3-0.6B-4bit	linear_quantized	decode	model.layers.11.self_attn.o_proj.weight	4	0.342789	85.697	[1x1x2048]	[1024x256]	1
qwen3_0p6b_native4	mlx-community/Qwen3-0.6B-4bit	linear_quantized	decode	model.layers.11.self_attn.qkv_proj.weight	4	0.282851	70.713	[1x1x1024]	[4096x128]	1
qwen3_0p6b_native4	mlx-community/Qwen3-0.6B-4bit	linear_quantized	decode	model.layers.12.mlp.down_proj.weight	4	0.255343	63.836	[1x1x3072]	[1024x384]	1
qwen3_0p6b_native4	mlx-community/Qwen3-0.6B-4bit	linear_quantized	decode	model.layers.12.mlp.gate_up_proj.weight	4	0.332601	83.150	[1x1x1024]	[6144x128]	1
qwen3_0p6b_native4	mlx-community/Qwen3-0.6B-4bit	linear_quantized	decode	model.layers.12.self_attn.o_proj.weight	4	0.324210	81.052	[1x1x2048]	[1024x256]	1
qwen3_0p6b_native4	mlx-community/Qwen3-0.6B-4bit	linear_quantized	decode	model.layers.12.self_attn.qkv_proj.weight	4	0.281772	70.443	[1x1x1024]	[4096x128]	1
qwen3_0p6b_native4	mlx-community/Qwen3-0.6B-4bit	linear_quantized	decode	model.layers.13.mlp.down_proj.weight	4	0.257422	64.355	[1x1x3072]	[1024x384]	1
qwen3_0p6b_native4	mlx-community/Qwen3-0.6B-4bit	linear_quantized	decode	model.layers.13.mlp.gate_up_proj.weight	4	0.330181	82.545	[1x1x1024]	[6144x128]	1
qwen3_0p6b_native4	mlx-community/Qwen3-0.6B-4bit	linear_quantized	decode	model.layers.13.self_attn.o_proj.weight	4	0.348910	87.228	[1x1x2048]	[1024x256]	1
qwen3_0p6b_native4	mlx-community/Qwen3-0.6B-4bit	linear_quantized	decode	model.layers.13.self_attn.qkv_proj.weight	4	0.285252	71.313	[1x1x1024]	[4096x128]	1
qwen3_0p6b_native4	mlx-community/Qwen3-0.6B-4bit	linear_quantized	decode	model.layers.14.mlp.down_proj.weight	4	0.256152	64.038	[1x1x3072]	[1024x384]	1
qwen3_0p6b_native4	mlx-community/Qwen3-0.6B-4bit	linear_quantized	decode	model.layers.14.mlp.gate_up_proj.weight	4	0.327811	81.953	[1x1x1024]	[6144x128]	1
qwen3_0p6b_native4	mlx-community/Qwen3-0.6B-4bit	linear_quantized	decode	model.layers.14.self_attn.o_proj.weight	4	0.330420	82.605	[1x1x2048]	[1024x256]	1
qwen3_0p6b_native4	mlx-community/Qwen3-0.6B-4bit	linear_quantized	decode	model.layers.14.self_attn.qkv_proj.weight	4	0.284891	71.223	[1x1x1024]	[4096x128]	1
qwen3_0p6b_native4	mlx-community/Qwen3-0.6B-4bit	linear_quantized	decode	model.layers.15.mlp.down_proj.weight	4	0.259493	64.873	[1x1x3072]	[1024x384]	1
qwen3_0p6b_native4	mlx-community/Qwen3-0.6B-4bit	linear_quantized	decode	model.layers.15.mlp.gate_up_proj.weight	4	0.333170	83.293	[1x1x1024]	[6144x128]	1
qwen3_0p6b_native4	mlx-community/Qwen3-0.6B-4bit	linear_quantized	decode	model.layers.15.self_attn.o_proj.weight	4	0.342010	85.502	[1x1x2048]	[1024x256]	1
qwen3_0p6b_native4	mlx-community/Qwen3-0.6B-4bit	linear_quantized	decode	model.layers.15.self_attn.qkv_proj.weight	4	0.282582	70.645	[1x1x1024]	[4096x128]	1
qwen3_0p6b_native4	mlx-community/Qwen3-0.6B-4bit	linear_quantized	decode	model.layers.16.mlp.down_proj.weight	4	0.258212	64.553	[1x1x3072]	[1024x384]	1
qwen3_0p6b_native4	mlx-community/Qwen3-0.6B-4bit	linear_quantized	decode	model.layers.16.mlp.gate_up_proj.weight	4	0.331550	82.888	[1x1x1024]	[6144x128]	1
qwen3_0p6b_native4	mlx-community/Qwen3-0.6B-4bit	linear_quantized	decode	model.layers.16.self_attn.o_proj.weight	4	0.346170	86.542	[1x1x2048]	[1024x256]	1
qwen3_0p6b_native4	mlx-community/Qwen3-0.6B-4bit	linear_quantized	decode	model.layers.16.self_attn.qkv_proj.weight	4	0.282902	70.725	[1x1x1024]	[4096x128]	1
qwen3_0p6b_native4	mlx-community/Qwen3-0.6B-4bit	linear_quantized	decode	model.layers.17.mlp.down_proj.weight	4	0.261222	65.306	[1x1x3072]	[1024x384]	1
qwen3_0p6b_native4	mlx-community/Qwen3-0.6B-4bit	linear_quantized	decode	model.layers.17.mlp.gate_up_proj.weight	4	0.326071	81.518	[1x1x1024]	[6144x128]	1
qwen3_0p6b_native4	mlx-community/Qwen3-0.6B-4bit	linear_quantized	decode	model.layers.17.self_attn.o_proj.weight	4	0.329141	82.285	[1x1x2048]	[1024x256]	1
qwen3_0p6b_native4	mlx-community/Qwen3-0.6B-4bit	linear_quantized	decode	model.layers.17.self_attn.qkv_proj.weight	4	0.280212	70.053	[1x1x1024]	[4096x128]	1
qwen3_0p6b_native4	mlx-community/Qwen3-0.6B-4bit	linear_quantized	decode	model.layers.18.mlp.down_proj.weight	4	0.258132	64.533	[1x1x3072]	[1024x384]	1
qwen3_0p6b_native4	mlx-community/Qwen3-0.6B-4bit	linear_quantized	decode	model.layers.18.mlp.gate_up_proj.weight	4	0.327151	81.788	[1x1x1024]	[6144x128]	1
qwen3_0p6b_native4	mlx-community/Qwen3-0.6B-4bit	linear_quantized	decode	model.layers.18.self_attn.o_proj.weight	4	0.350341	87.585	[1x1x2048]	[1024x256]	1
qwen3_0p6b_native4	mlx-community/Qwen3-0.6B-4bit	linear_quantized	decode	model.layers.18.self_attn.qkv_proj.weight	4	0.282302	70.576	[1x1x1024]	[4096x128]	1
qwen3_0p6b_native4	mlx-community/Qwen3-0.6B-4bit	linear_quantized	decode	model.layers.19.mlp.down_proj.weight	4	0.265572	66.393	[1x1x3072]	[1024x384]	1
qwen3_0p6b_native4	mlx-community/Qwen3-0.6B-4bit	linear_quantized	decode	model.layers.19.mlp.gate_up_proj.weight	4	0.330439	82.610	[1x1x1024]	[6144x128]	1
qwen3_0p6b_native4	mlx-community/Qwen3-0.6B-4bit	linear_quantized	decode	model.layers.19.self_attn.o_proj.weight	4	0.357499	89.375	[1x1x2048]	[1024x256]	1
qwen3_0p6b_native4	mlx-community/Qwen3-0.6B-4bit	linear_quantized	decode	model.layers.19.self_attn.qkv_proj.weight	4	0.280612	70.153	[1x1x1024]	[4096x128]	1
qwen3_0p6b_native4	mlx-community/Qwen3-0.6B-4bit	linear_quantized	decode	model.layers.2.mlp.down_proj.weight	4	0.260512	65.128	[1x1x3072]	[1024x384]	1
qwen3_0p6b_native4	mlx-community/Qwen3-0.6B-4bit	linear_quantized	decode	model.layers.2.mlp.gate_up_proj.weight	4	0.330242	82.560	[1x1x1024]	[6144x128]	1
qwen3_0p6b_native4	mlx-community/Qwen3-0.6B-4bit	linear_quantized	decode	model.layers.2.self_attn.o_proj.weight	4	0.360530	90.133	[1x1x2048]	[1024x256]	1
qwen3_0p6b_native4	mlx-community/Qwen3-0.6B-4bit	linear_quantized	decode	model.layers.2.self_attn.qkv_proj.weight	4	0.284652	71.163	[1x1x1024]	[4096x128]	1
qwen3_0p6b_native4	mlx-community/Qwen3-0.6B-4bit	linear_quantized	decode	model.layers.20.mlp.down_proj.weight	4	0.259944	64.986	[1x1x3072]	[1024x384]	1
qwen3_0p6b_native4	mlx-community/Qwen3-0.6B-4bit	linear_quantized	decode	model.layers.20.mlp.gate_up_proj.weight	4	0.331301	82.825	[1x1x1024]	[6144x128]	1
qwen3_0p6b_native4	mlx-community/Qwen3-0.6B-4bit	linear_quantized	decode	model.layers.20.self_attn.o_proj.weight	4	0.330690	82.672	[1x1x2048]	[1024x256]	1
qwen3_0p6b_native4	mlx-community/Qwen3-0.6B-4bit	linear_quantized	decode	model.layers.20.self_attn.qkv_proj.weight	4	0.308261	77.065	[1x1x1024]	[4096x128]	1
qwen3_0p6b_native4	mlx-community/Qwen3-0.6B-4bit	linear_quantized	decode	model.layers.21.mlp.down_proj.weight	4	0.261893	65.473	[1x1x3072]	[1024x384]	1
qwen3_0p6b_native4	mlx-community/Qwen3-0.6B-4bit	linear_quantized	decode	model.layers.21.mlp.gate_up_proj.weight	4	0.331442	82.861	[1x1x1024]	[6144x128]	1
qwen3_0p6b_native4	mlx-community/Qwen3-0.6B-4bit	linear_quantized	decode	model.layers.21.self_attn.o_proj.weight	4	0.344802	86.201	[1x1x2048]	[1024x256]	1
qwen3_0p6b_native4	mlx-community/Qwen3-0.6B-4bit	linear_quantized	decode	model.layers.21.self_attn.qkv_proj.weight	4	0.278862	69.716	[1x1x1024]	[4096x128]	1
qwen3_0p6b_native4	mlx-community/Qwen3-0.6B-4bit	linear_quantized	decode	model.layers.22.mlp.down_proj.weight	4	0.260102	65.025	[1x1x3072]	[1024x384]	1
qwen3_0p6b_native4	mlx-community/Qwen3-0.6B-4bit	linear_quantized	decode	model.layers.22.mlp.gate_up_proj.weight	4	0.327820	81.955	[1x1x1024]	[6144x128]	1
qwen3_0p6b_native4	mlx-community/Qwen3-0.6B-4bit	linear_quantized	decode	model.layers.22.self_attn.o_proj.weight	4	0.325802	81.450	[1x1x2048]	[1024x256]	1
qwen3_0p6b_native4	mlx-community/Qwen3-0.6B-4bit	linear_quantized	decode	model.layers.22.self_attn.qkv_proj.weight	4	0.280522	70.130	[1x1x1024]	[4096x128]	1
qwen3_0p6b_native4	mlx-community/Qwen3-0.6B-4bit	linear_quantized	decode	model.layers.23.mlp.down_proj.weight	4	0.263582	65.895	[1x1x3072]	[1024x384]	1
qwen3_0p6b_native4	mlx-community/Qwen3-0.6B-4bit	linear_quantized	decode	model.layers.23.mlp.gate_up_proj.weight	4	0.327099	81.775	[1x1x1024]	[6144x128]	1
qwen3_0p6b_native4	mlx-community/Qwen3-0.6B-4bit	linear_quantized	decode	model.layers.23.self_attn.o_proj.weight	4	0.330301	82.575	[1x1x2048]	[1024x256]	1
qwen3_0p6b_native4	mlx-community/Qwen3-0.6B-4bit	linear_quantized	decode	model.layers.23.self_attn.qkv_proj.weight	4	0.279262	69.816	[1x1x1024]	[4096x128]	1
qwen3_0p6b_native4	mlx-community/Qwen3-0.6B-4bit	linear_quantized	decode	model.layers.24.mlp.down_proj.weight	4	0.270772	67.693	[1x1x3072]	[1024x384]	1
qwen3_0p6b_native4	mlx-community/Qwen3-0.6B-4bit	linear_quantized	decode	model.layers.24.mlp.gate_up_proj.weight	4	0.331081	82.770	[1x1x1024]	[6144x128]	1
qwen3_0p6b_native4	mlx-community/Qwen3-0.6B-4bit	linear_quantized	decode	model.layers.24.self_attn.o_proj.weight	4	0.348840	87.210	[1x1x2048]	[1024x256]	1
qwen3_0p6b_native4	mlx-community/Qwen3-0.6B-4bit	linear_quantized	decode	model.layers.24.self_attn.qkv_proj.weight	4	0.280462	70.115	[1x1x1024]	[4096x128]	1
qwen3_0p6b_native4	mlx-community/Qwen3-0.6B-4bit	linear_quantized	decode	model.layers.25.mlp.down_proj.weight	4	0.274533	68.633	[1x1x3072]	[1024x384]	1
qwen3_0p6b_native4	mlx-community/Qwen3-0.6B-4bit	linear_quantized	decode	model.layers.25.mlp.gate_up_proj.weight	4	0.327841	81.960	[1x1x1024]	[6144x128]	1
qwen3_0p6b_native4	mlx-community/Qwen3-0.6B-4bit	linear_quantized	decode	model.layers.25.self_attn.o_proj.weight	4	0.322931	80.733	[1x1x2048]	[1024x256]	1
qwen3_0p6b_native4	mlx-community/Qwen3-0.6B-4bit	linear_quantized	decode	model.layers.25.self_attn.qkv_proj.weight	4	0.278862	69.716	[1x1x1024]	[4096x128]	1
qwen3_0p6b_native4	mlx-community/Qwen3-0.6B-4bit	linear_quantized	decode	model.layers.26.mlp.down_proj.weight	4	0.262812	65.703	[1x1x3072]	[1024x384]	1
qwen3_0p6b_native4	mlx-community/Qwen3-0.6B-4bit	linear_quantized	decode	model.layers.26.mlp.gate_up_proj.weight	4	0.326220	81.555	[1x1x1024]	[6144x128]	1
qwen3_0p6b_native4	mlx-community/Qwen3-0.6B-4bit	linear_quantized	decode	model.layers.26.self_attn.o_proj.weight	4	0.347219	86.805	[1x1x2048]	[1024x256]	1
qwen3_0p6b_native4	mlx-community/Qwen3-0.6B-4bit	linear_quantized	decode	model.layers.26.self_attn.qkv_proj.weight	4	0.281442	70.361	[1x1x1024]	[4096x128]	1
qwen3_0p6b_native4	mlx-community/Qwen3-0.6B-4bit	linear_quantized	decode	model.layers.27.mlp.down_proj.weight	4	0.303061	75.765	[1x1x3072]	[1024x384]	1
qwen3_0p6b_native4	mlx-community/Qwen3-0.6B-4bit	linear_quantized	decode	model.layers.27.mlp.gate_up_proj.weight	4	0.327740	81.935	[1x1x1024]	[6144x128]	1
qwen3_0p6b_native4	mlx-community/Qwen3-0.6B-4bit	linear_quantized	decode	model.layers.27.self_attn.o_proj.weight	4	0.342250	85.562	[1x1x2048]	[1024x256]	1
qwen3_0p6b_native4	mlx-community/Qwen3-0.6B-4bit	linear_quantized	decode	model.layers.27.self_attn.qkv_proj.weight	4	0.281522	70.380	[1x1x1024]	[4096x128]	1
qwen3_0p6b_native4	mlx-community/Qwen3-0.6B-4bit	linear_quantized	decode	model.layers.3.mlp.down_proj.weight	4	0.268723	67.181	[1x1x3072]	[1024x384]	1
qwen3_0p6b_native4	mlx-community/Qwen3-0.6B-4bit	linear_quantized	decode	model.layers.3.mlp.gate_up_proj.weight	4	0.329992	82.498	[1x1x1024]	[6144x128]	1
qwen3_0p6b_native4	mlx-community/Qwen3-0.6B-4bit	linear_quantized	decode	model.layers.3.self_attn.o_proj.weight	4	0.327691	81.923	[1x1x2048]	[1024x256]	1
qwen3_0p6b_native4	mlx-community/Qwen3-0.6B-4bit	linear_quantized	decode	model.layers.3.self_attn.qkv_proj.weight	4	0.285352	71.338	[1x1x1024]	[4096x128]	1
qwen3_0p6b_native4	mlx-community/Qwen3-0.6B-4bit	linear_quantized	decode	model.layers.4.mlp.down_proj.weight	4	0.263272	65.818	[1x1x3072]	[1024x384]	1
qwen3_0p6b_native4	mlx-community/Qwen3-0.6B-4bit	linear_quantized	decode	model.layers.4.mlp.gate_up_proj.weight	4	0.331532	82.883	[1x1x1024]	[6144x128]	1
qwen3_0p6b_native4	mlx-community/Qwen3-0.6B-4bit	linear_quantized	decode	model.layers.4.self_attn.o_proj.weight	4	0.337212	84.303	[1x1x2048]	[1024x256]	1
qwen3_0p6b_native4	mlx-community/Qwen3-0.6B-4bit	linear_quantized	decode	model.layers.4.self_attn.qkv_proj.weight	4	0.282222	70.555	[1x1x1024]	[4096x128]	1
qwen3_0p6b_native4	mlx-community/Qwen3-0.6B-4bit	linear_quantized	decode	model.layers.5.mlp.down_proj.weight	4	0.257372	64.343	[1x1x3072]	[1024x384]	1
qwen3_0p6b_native4	mlx-community/Qwen3-0.6B-4bit	linear_quantized	decode	model.layers.5.mlp.gate_up_proj.weight	4	0.331591	82.898	[1x1x1024]	[6144x128]	1
qwen3_0p6b_native4	mlx-community/Qwen3-0.6B-4bit	linear_quantized	decode	model.layers.5.self_attn.o_proj.weight	4	0.336741	84.185	[1x1x2048]	[1024x256]	1
qwen3_0p6b_native4	mlx-community/Qwen3-0.6B-4bit	linear_quantized	decode	model.layers.5.self_attn.qkv_proj.weight	4	0.283102	70.776	[1x1x1024]	[4096x128]	1
qwen3_0p6b_native4	mlx-community/Qwen3-0.6B-4bit	linear_quantized	decode	model.layers.6.mlp.down_proj.weight	4	0.260742	65.185	[1x1x3072]	[1024x384]	1
qwen3_0p6b_native4	mlx-community/Qwen3-0.6B-4bit	linear_quantized	decode	model.layers.6.mlp.gate_up_proj.weight	4	0.326581	81.645	[1x1x1024]	[6144x128]	1
qwen3_0p6b_native4	mlx-community/Qwen3-0.6B-4bit	linear_quantized	decode	model.layers.6.self_attn.o_proj.weight	4	0.333161	83.290	[1x1x2048]	[1024x256]	1
qwen3_0p6b_native4	mlx-community/Qwen3-0.6B-4bit	linear_quantized	decode	model.layers.6.self_attn.qkv_proj.weight	4	0.280762	70.191	[1x1x1024]	[4096x128]	1
qwen3_0p6b_native4	mlx-community/Qwen3-0.6B-4bit	linear_quantized	decode	model.layers.7.mlp.down_proj.weight	4	0.257412	64.353	[1x1x3072]	[1024x384]	1
qwen3_0p6b_native4	mlx-community/Qwen3-0.6B-4bit	linear_quantized	decode	model.layers.7.mlp.gate_up_proj.weight	4	0.324951	81.238	[1x1x1024]	[6144x128]	1
qwen3_0p6b_native4	mlx-community/Qwen3-0.6B-4bit	linear_quantized	decode	model.layers.7.self_attn.o_proj.weight	4	0.336621	84.155	[1x1x2048]	[1024x256]	1
qwen3_0p6b_native4	mlx-community/Qwen3-0.6B-4bit	linear_quantized	decode	model.layers.7.self_attn.qkv_proj.weight	4	0.286442	71.610	[1x1x1024]	[4096x128]	1
qwen3_0p6b_native4	mlx-community/Qwen3-0.6B-4bit	linear_quantized	decode	model.layers.8.mlp.down_proj.weight	4	0.255243	63.811	[1x1x3072]	[1024x384]	1
qwen3_0p6b_native4	mlx-community/Qwen3-0.6B-4bit	linear_quantized	decode	model.layers.8.mlp.gate_up_proj.weight	4	0.328860	82.215	[1x1x1024]	[6144x128]	1
qwen3_0p6b_native4	mlx-community/Qwen3-0.6B-4bit	linear_quantized	decode	model.layers.8.self_attn.o_proj.weight	4	0.333370	83.343	[1x1x2048]	[1024x256]	1
qwen3_0p6b_native4	mlx-community/Qwen3-0.6B-4bit	linear_quantized	decode	model.layers.8.self_attn.qkv_proj.weight	4	0.281552	70.388	[1x1x1024]	[4096x128]	1
qwen3_0p6b_native4	mlx-community/Qwen3-0.6B-4bit	linear_quantized	decode	model.layers.9.mlp.down_proj.weight	4	0.254322	63.581	[1x1x3072]	[1024x384]	1
qwen3_0p6b_native4	mlx-community/Qwen3-0.6B-4bit	linear_quantized	decode	model.layers.9.mlp.gate_up_proj.weight	4	0.328930	82.233	[1x1x1024]	[6144x128]	1
qwen3_0p6b_native4	mlx-community/Qwen3-0.6B-4bit	linear_quantized	decode	model.layers.9.self_attn.o_proj.weight	4	0.324701	81.175	[1x1x2048]	[1024x256]	1
qwen3_0p6b_native4	mlx-community/Qwen3-0.6B-4bit	linear_quantized	decode	model.layers.9.self_attn.qkv_proj.weight	4	0.280741	70.185	[1x1x1024]	[4096x128]	1
qwen35_0p8b_native4	mlx-community/Qwen3.5-0.8B-MLX-4bit	embedding_quantized	prefill	model.embed_tokens.weight	1	0.347460	347.460	[1x23]	[248320x128]	23
qwen35_0p8b_native4	mlx-community/Qwen3.5-0.8B-MLX-4bit	linear_quantized	prefill	model.layers.0.linear_attn.in_proj_qkv_z_ba.weight	1	0.367409	367.409	[1x23x1024]	[8224x128]	23
qwen35_0p8b_native4	mlx-community/Qwen3.5-0.8B-MLX-4bit	linear_quantized	prefill	model.layers.0.linear_attn.out_proj.weight	1	0.392758	392.758	[1x23x2048]	[1024x256]	23
qwen35_0p8b_native4	mlx-community/Qwen3.5-0.8B-MLX-4bit	linear_quantized	prefill	model.layers.0.mlp.down_proj.weight	1	0.300651	300.651	[1x23x3584]	[1024x448]	23
qwen35_0p8b_native4	mlx-community/Qwen3.5-0.8B-MLX-4bit	linear_quantized	prefill	model.layers.0.mlp.gate_up_proj.weight	1	0.265763	265.763	[1x23x1024]	[7168x128]	23
qwen35_0p8b_native4	mlx-community/Qwen3.5-0.8B-MLX-4bit	linear_quantized	prefill	model.layers.1.linear_attn.in_proj_qkv_z_ba.weight	1	0.393538	393.538	[1x23x1024]	[8224x128]	23
qwen35_0p8b_native4	mlx-community/Qwen3.5-0.8B-MLX-4bit	linear_quantized	prefill	model.layers.1.linear_attn.out_proj.weight	1	0.351689	351.689	[1x23x2048]	[1024x256]	23
qwen35_0p8b_native4	mlx-community/Qwen3.5-0.8B-MLX-4bit	linear_quantized	prefill	model.layers.1.mlp.down_proj.weight	1	0.277021	277.021	[1x23x3584]	[1024x448]	23
qwen35_0p8b_native4	mlx-community/Qwen3.5-0.8B-MLX-4bit	linear_quantized	prefill	model.layers.1.mlp.gate_up_proj.weight	1	0.261942	261.942	[1x23x1024]	[7168x128]	23
qwen35_0p8b_native4	mlx-community/Qwen3.5-0.8B-MLX-4bit	linear_quantized	prefill	model.layers.10.linear_attn.in_proj_qkv_z_ba.weight	1	0.399148	399.148	[1x23x1024]	[8224x128]	23
qwen35_0p8b_native4	mlx-community/Qwen3.5-0.8B-MLX-4bit	linear_quantized	prefill	model.layers.10.linear_attn.out_proj.weight	1	0.344050	344.050	[1x23x2048]	[1024x256]	23
qwen35_0p8b_native4	mlx-community/Qwen3.5-0.8B-MLX-4bit	linear_quantized	prefill	model.layers.10.mlp.down_proj.weight	1	0.289431	289.431	[1x23x3584]	[1024x448]	23
qwen35_0p8b_native4	mlx-community/Qwen3.5-0.8B-MLX-4bit	linear_quantized	prefill	model.layers.10.mlp.gate_up_proj.weight	1	0.279212	279.212	[1x23x1024]	[7168x128]	23
qwen35_0p8b_native4	mlx-community/Qwen3.5-0.8B-MLX-4bit	linear_quantized	prefill	model.layers.11.mlp.down_proj.weight	1	0.282382	282.382	[1x23x3584]	[1024x448]	23
qwen35_0p8b_native4	mlx-community/Qwen3.5-0.8B-MLX-4bit	linear_quantized	prefill	model.layers.11.mlp.gate_up_proj.weight	1	0.261813	261.813	[1x23x1024]	[7168x128]	23
qwen35_0p8b_native4	mlx-community/Qwen3.5-0.8B-MLX-4bit	linear_quantized	prefill	model.layers.11.self_attn.o_proj.weight	1	0.259373	259.373	[1x23x2048]	[1024x256]	23
qwen35_0p8b_native4	mlx-community/Qwen3.5-0.8B-MLX-4bit	linear_quantized	prefill	model.layers.11.self_attn.qkv_proj.weight	1	0.211934	211.934	[1x23x1024]	[5120x128]	23
qwen35_0p8b_native4	mlx-community/Qwen3.5-0.8B-MLX-4bit	linear_quantized	prefill	model.layers.12.linear_attn.in_proj_qkv_z_ba.weight	1	0.427678	427.678	[1x23x1024]	[8224x128]	23
qwen35_0p8b_native4	mlx-community/Qwen3.5-0.8B-MLX-4bit	linear_quantized	prefill	model.layers.12.linear_attn.out_proj.weight	1	0.365949	365.949	[1x23x2048]	[1024x256]	23
qwen35_0p8b_native4	mlx-community/Qwen3.5-0.8B-MLX-4bit	linear_quantized	prefill	model.layers.12.mlp.down_proj.weight	1	0.293981	293.981	[1x23x3584]	[1024x448]	23
qwen35_0p8b_native4	mlx-community/Qwen3.5-0.8B-MLX-4bit	linear_quantized	prefill	model.layers.12.mlp.gate_up_proj.weight	1	0.276682	276.682	[1x23x1024]	[7168x128]	23
qwen35_0p8b_native4	mlx-community/Qwen3.5-0.8B-MLX-4bit	linear_quantized	prefill	model.layers.13.linear_attn.in_proj_qkv_z_ba.weight	1	0.392799	392.799	[1x23x1024]	[8224x128]	23
qwen35_0p8b_native4	mlx-community/Qwen3.5-0.8B-MLX-4bit	linear_quantized	prefill	model.layers.13.linear_attn.out_proj.weight	1	0.362840	362.840	[1x23x2048]	[1024x256]	23
qwen35_0p8b_native4	mlx-community/Qwen3.5-0.8B-MLX-4bit	linear_quantized	prefill	model.layers.13.mlp.down_proj.weight	1	0.296022	296.022	[1x23x3584]	[1024x448]	23
qwen35_0p8b_native4	mlx-community/Qwen3.5-0.8B-MLX-4bit	linear_quantized	prefill	model.layers.13.mlp.gate_up_proj.weight	1	0.272542	272.542	[1x23x1024]	[7168x128]	23
qwen35_0p8b_native4	mlx-community/Qwen3.5-0.8B-MLX-4bit	linear_quantized	prefill	model.layers.14.linear_attn.in_proj_qkv_z_ba.weight	1	0.376899	376.899	[1x23x1024]	[8224x128]	23
qwen35_0p8b_native4	mlx-community/Qwen3.5-0.8B-MLX-4bit	linear_quantized	prefill	model.layers.14.linear_attn.out_proj.weight	1	0.360599	360.599	[1x23x2048]	[1024x256]	23
qwen35_0p8b_native4	mlx-community/Qwen3.5-0.8B-MLX-4bit	linear_quantized	prefill	model.layers.14.mlp.down_proj.weight	1	0.285552	285.552	[1x23x3584]	[1024x448]	23
qwen35_0p8b_native4	mlx-community/Qwen3.5-0.8B-MLX-4bit	linear_quantized	prefill	model.layers.14.mlp.gate_up_proj.weight	1	0.274442	274.442	[1x23x1024]	[7168x128]	23
qwen35_0p8b_native4	mlx-community/Qwen3.5-0.8B-MLX-4bit	linear_quantized	prefill	model.layers.15.mlp.down_proj.weight	1	0.282732	282.732	[1x23x3584]	[1024x448]	23
qwen35_0p8b_native4	mlx-community/Qwen3.5-0.8B-MLX-4bit	linear_quantized	prefill	model.layers.15.mlp.gate_up_proj.weight	1	0.277122	277.122	[1x23x1024]	[7168x128]	23
qwen35_0p8b_native4	mlx-community/Qwen3.5-0.8B-MLX-4bit	linear_quantized	prefill	model.layers.15.self_attn.o_proj.weight	1	0.258672	258.672	[1x23x2048]	[1024x256]	23
qwen35_0p8b_native4	mlx-community/Qwen3.5-0.8B-MLX-4bit	linear_quantized	prefill	model.layers.15.self_attn.qkv_proj.weight	1	0.218614	218.614	[1x23x1024]	[5120x128]	23
qwen35_0p8b_native4	mlx-community/Qwen3.5-0.8B-MLX-4bit	linear_quantized	prefill	model.layers.16.linear_attn.in_proj_qkv_z_ba.weight	1	0.331880	331.880	[1x23x1024]	[8224x128]	23
qwen35_0p8b_native4	mlx-community/Qwen3.5-0.8B-MLX-4bit	linear_quantized	prefill	model.layers.16.linear_attn.out_proj.weight	1	0.360909	360.909	[1x23x2048]	[1024x256]	23
qwen35_0p8b_native4	mlx-community/Qwen3.5-0.8B-MLX-4bit	linear_quantized	prefill	model.layers.16.mlp.down_proj.weight	1	0.302981	302.981	[1x23x3584]	[1024x448]	23
qwen35_0p8b_native4	mlx-community/Qwen3.5-0.8B-MLX-4bit	linear_quantized	prefill	model.layers.16.mlp.gate_up_proj.weight	1	0.289471	289.471	[1x23x1024]	[7168x128]	23
qwen35_0p8b_native4	mlx-community/Qwen3.5-0.8B-MLX-4bit	linear_quantized	prefill	model.layers.17.linear_attn.in_proj_qkv_z_ba.weight	1	0.372539	372.539	[1x23x1024]	[8224x128]	23
qwen35_0p8b_native4	mlx-community/Qwen3.5-0.8B-MLX-4bit	linear_quantized	prefill	model.layers.17.linear_attn.out_proj.weight	1	0.358670	358.670	[1x23x2048]	[1024x256]	23
qwen35_0p8b_native4	mlx-community/Qwen3.5-0.8B-MLX-4bit	linear_quantized	prefill	model.layers.17.mlp.down_proj.weight	1	0.288952	288.952	[1x23x3584]	[1024x448]	23
qwen35_0p8b_native4	mlx-community/Qwen3.5-0.8B-MLX-4bit	linear_quantized	prefill	model.layers.17.mlp.gate_up_proj.weight	1	0.273372	273.372	[1x23x1024]	[7168x128]	23
qwen35_0p8b_native4	mlx-community/Qwen3.5-0.8B-MLX-4bit	linear_quantized	prefill	model.layers.18.linear_attn.in_proj_qkv_z_ba.weight	1	0.357630	357.630	[1x23x1024]	[8224x128]	23
qwen35_0p8b_native4	mlx-community/Qwen3.5-0.8B-MLX-4bit	linear_quantized	prefill	model.layers.18.linear_attn.out_proj.weight	1	0.358689	358.689	[1x23x2048]	[1024x256]	23
qwen35_0p8b_native4	mlx-community/Qwen3.5-0.8B-MLX-4bit	linear_quantized	prefill	model.layers.18.mlp.down_proj.weight	1	0.289971	289.971	[1x23x3584]	[1024x448]	23
qwen35_0p8b_native4	mlx-community/Qwen3.5-0.8B-MLX-4bit	linear_quantized	prefill	model.layers.18.mlp.gate_up_proj.weight	1	0.274852	274.852	[1x23x1024]	[7168x128]	23
qwen35_0p8b_native4	mlx-community/Qwen3.5-0.8B-MLX-4bit	linear_quantized	prefill	model.layers.19.mlp.down_proj.weight	1	0.278552	278.552	[1x23x3584]	[1024x448]	23
qwen35_0p8b_native4	mlx-community/Qwen3.5-0.8B-MLX-4bit	linear_quantized	prefill	model.layers.19.mlp.gate_up_proj.weight	1	0.276222	276.222	[1x23x1024]	[7168x128]	23
qwen35_0p8b_native4	mlx-community/Qwen3.5-0.8B-MLX-4bit	linear_quantized	prefill	model.layers.19.self_attn.o_proj.weight	1	0.255362	255.362	[1x23x2048]	[1024x256]	23
qwen35_0p8b_native4	mlx-community/Qwen3.5-0.8B-MLX-4bit	linear_quantized	prefill	model.layers.19.self_attn.qkv_proj.weight	1	0.213004	213.004	[1x23x1024]	[5120x128]	23
qwen35_0p8b_native4	mlx-community/Qwen3.5-0.8B-MLX-4bit	linear_quantized	prefill	model.layers.2.linear_attn.in_proj_qkv_z_ba.weight	1	0.357709	357.709	[1x23x1024]	[8224x128]	23
qwen35_0p8b_native4	mlx-community/Qwen3.5-0.8B-MLX-4bit	linear_quantized	prefill	model.layers.2.linear_attn.out_proj.weight	1	0.356490	356.490	[1x23x2048]	[1024x256]	23
qwen35_0p8b_native4	mlx-community/Qwen3.5-0.8B-MLX-4bit	linear_quantized	prefill	model.layers.2.mlp.down_proj.weight	1	0.276912	276.912	[1x23x3584]	[1024x448]	23
qwen35_0p8b_native4	mlx-community/Qwen3.5-0.8B-MLX-4bit	linear_quantized	prefill	model.layers.2.mlp.gate_up_proj.weight	1	0.253643	253.643	[1x23x1024]	[7168x128]	23
qwen35_0p8b_native4	mlx-community/Qwen3.5-0.8B-MLX-4bit	linear_quantized	prefill	model.layers.20.linear_attn.in_proj_qkv_z_ba.weight	1	0.374149	374.149	[1x23x1024]	[8224x128]	23
qwen35_0p8b_native4	mlx-community/Qwen3.5-0.8B-MLX-4bit	linear_quantized	prefill	model.layers.20.linear_attn.out_proj.weight	1	0.358480	358.480	[1x23x2048]	[1024x256]	23
qwen35_0p8b_native4	mlx-community/Qwen3.5-0.8B-MLX-4bit	linear_quantized	prefill	model.layers.20.mlp.down_proj.weight	1	0.278801	278.801	[1x23x3584]	[1024x448]	23
qwen35_0p8b_native4	mlx-community/Qwen3.5-0.8B-MLX-4bit	linear_quantized	prefill	model.layers.20.mlp.gate_up_proj.weight	1	0.337270	337.270	[1x23x1024]	[7168x128]	23
qwen35_0p8b_native4	mlx-community/Qwen3.5-0.8B-MLX-4bit	linear_quantized	prefill	model.layers.21.linear_attn.in_proj_qkv_z_ba.weight	1	0.367699	367.699	[1x23x1024]	[8224x128]	23
qwen35_0p8b_native4	mlx-community/Qwen3.5-0.8B-MLX-4bit	linear_quantized	prefill	model.layers.21.linear_attn.out_proj.weight	1	0.341840	341.840	[1x23x2048]	[1024x256]	23
qwen35_0p8b_native4	mlx-community/Qwen3.5-0.8B-MLX-4bit	linear_quantized	prefill	model.layers.21.mlp.down_proj.weight	1	0.278402	278.402	[1x23x3584]	[1024x448]	23
qwen35_0p8b_native4	mlx-community/Qwen3.5-0.8B-MLX-4bit	linear_quantized	prefill	model.layers.21.mlp.gate_up_proj.weight	1	0.270873	270.873	[1x23x1024]	[7168x128]	23
qwen35_0p8b_native4	mlx-community/Qwen3.5-0.8B-MLX-4bit	linear_quantized	prefill	model.layers.22.linear_attn.in_proj_qkv_z_ba.weight	1	0.377239	377.239	[1x23x1024]	[8224x128]	23
qwen35_0p8b_native4	mlx-community/Qwen3.5-0.8B-MLX-4bit	linear_quantized	prefill	model.layers.22.linear_attn.out_proj.weight	1	0.355790	355.790	[1x23x2048]	[1024x256]	23
qwen35_0p8b_native4	mlx-community/Qwen3.5-0.8B-MLX-4bit	linear_quantized	prefill	model.layers.22.mlp.down_proj.weight	1	0.284902	284.902	[1x23x3584]	[1024x448]	23
qwen35_0p8b_native4	mlx-community/Qwen3.5-0.8B-MLX-4bit	linear_quantized	prefill	model.layers.22.mlp.gate_up_proj.weight	1	0.275462	275.462	[1x23x1024]	[7168x128]	23
qwen35_0p8b_native4	mlx-community/Qwen3.5-0.8B-MLX-4bit	linear_quantized	prefill	model.layers.23.mlp.down_proj.weight	1	0.292752	292.752	[1x23x3584]	[1024x448]	23
qwen35_0p8b_native4	mlx-community/Qwen3.5-0.8B-MLX-4bit	linear_quantized	prefill	model.layers.23.mlp.gate_up_proj.weight	1	0.262923	262.923	[1x23x1024]	[7168x128]	23
qwen35_0p8b_native4	mlx-community/Qwen3.5-0.8B-MLX-4bit	linear_quantized	prefill	model.layers.23.self_attn.o_proj.weight	1	0.254193	254.193	[1x23x2048]	[1024x256]	23
qwen35_0p8b_native4	mlx-community/Qwen3.5-0.8B-MLX-4bit	linear_quantized	prefill	model.layers.23.self_attn.qkv_proj.weight	1	0.211693	211.693	[1x23x1024]	[5120x128]	23
qwen35_0p8b_native4	mlx-community/Qwen3.5-0.8B-MLX-4bit	linear_quantized	prefill	model.layers.3.mlp.down_proj.weight	1	0.286141	286.141	[1x23x3584]	[1024x448]	23
qwen35_0p8b_native4	mlx-community/Qwen3.5-0.8B-MLX-4bit	linear_quantized	prefill	model.layers.3.mlp.gate_up_proj.weight	1	0.241113	241.113	[1x23x1024]	[7168x128]	23
qwen35_0p8b_native4	mlx-community/Qwen3.5-0.8B-MLX-4bit	linear_quantized	prefill	model.layers.3.self_attn.o_proj.weight	1	0.260073	260.073	[1x23x2048]	[1024x256]	23
qwen35_0p8b_native4	mlx-community/Qwen3.5-0.8B-MLX-4bit	linear_quantized	prefill	model.layers.3.self_attn.qkv_proj.weight	1	0.196154	196.154	[1x23x1024]	[5120x128]	23
qwen35_0p8b_native4	mlx-community/Qwen3.5-0.8B-MLX-4bit	linear_quantized	prefill	model.layers.4.linear_attn.in_proj_qkv_z_ba.weight	1	0.356229	356.229	[1x23x1024]	[8224x128]	23
qwen35_0p8b_native4	mlx-community/Qwen3.5-0.8B-MLX-4bit	linear_quantized	prefill	model.layers.4.linear_attn.out_proj.weight	1	0.357690	357.690	[1x23x2048]	[1024x256]	23
qwen35_0p8b_native4	mlx-community/Qwen3.5-0.8B-MLX-4bit	linear_quantized	prefill	model.layers.4.mlp.down_proj.weight	1	0.276852	276.852	[1x23x3584]	[1024x448]	23
qwen35_0p8b_native4	mlx-community/Qwen3.5-0.8B-MLX-4bit	linear_quantized	prefill	model.layers.4.mlp.gate_up_proj.weight	1	0.253853	253.853	[1x23x1024]	[7168x128]	23
qwen35_0p8b_native4	mlx-community/Qwen3.5-0.8B-MLX-4bit	linear_quantized	prefill	model.layers.5.linear_attn.in_proj_qkv_z_ba.weight	1	0.384358	384.358	[1x23x1024]	[8224x128]	23
qwen35_0p8b_native4	mlx-community/Qwen3.5-0.8B-MLX-4bit	linear_quantized	prefill	model.layers.5.linear_attn.out_proj.weight	1	0.345780	345.780	[1x23x2048]	[1024x256]	23
qwen35_0p8b_native4	mlx-community/Qwen3.5-0.8B-MLX-4bit	linear_quantized	prefill	model.layers.5.mlp.down_proj.weight	1	0.290381	290.381	[1x23x3584]	[1024x448]	23
qwen35_0p8b_native4	mlx-community/Qwen3.5-0.8B-MLX-4bit	linear_quantized	prefill	model.layers.5.mlp.gate_up_proj.weight	1	0.252632	252.632	[1x23x1024]	[7168x128]	23
qwen35_0p8b_native4	mlx-community/Qwen3.5-0.8B-MLX-4bit	linear_quantized	prefill	model.layers.6.linear_attn.in_proj_qkv_z_ba.weight	1	0.384738	384.738	[1x23x1024]	[8224x128]	23
qwen35_0p8b_native4	mlx-community/Qwen3.5-0.8B-MLX-4bit	linear_quantized	prefill	model.layers.6.linear_attn.out_proj.weight	1	0.354670	354.670	[1x23x2048]	[1024x256]	23
qwen35_0p8b_native4	mlx-community/Qwen3.5-0.8B-MLX-4bit	linear_quantized	prefill	model.layers.6.mlp.down_proj.weight	1	0.278452	278.452	[1x23x3584]	[1024x448]	23
qwen35_0p8b_native4	mlx-community/Qwen3.5-0.8B-MLX-4bit	linear_quantized	prefill	model.layers.6.mlp.gate_up_proj.weight	1	0.261573	261.573	[1x23x1024]	[7168x128]	23
qwen35_0p8b_native4	mlx-community/Qwen3.5-0.8B-MLX-4bit	linear_quantized	prefill	model.layers.7.mlp.down_proj.weight	1	0.289251	289.251	[1x23x3584]	[1024x448]	23
qwen35_0p8b_native4	mlx-community/Qwen3.5-0.8B-MLX-4bit	linear_quantized	prefill	model.layers.7.mlp.gate_up_proj.weight	1	0.284591	284.591	[1x23x1024]	[7168x128]	23
qwen35_0p8b_native4	mlx-community/Qwen3.5-0.8B-MLX-4bit	linear_quantized	prefill	model.layers.7.self_attn.o_proj.weight	1	0.251692	251.692	[1x23x2048]	[1024x256]	23
qwen35_0p8b_native4	mlx-community/Qwen3.5-0.8B-MLX-4bit	linear_quantized	prefill	model.layers.7.self_attn.qkv_proj.weight	1	0.202864	202.864	[1x23x1024]	[5120x128]	23
qwen35_0p8b_native4	mlx-community/Qwen3.5-0.8B-MLX-4bit	linear_quantized	prefill	model.layers.8.linear_attn.in_proj_qkv_z_ba.weight	1	0.346589	346.589	[1x23x1024]	[8224x128]	23
qwen35_0p8b_native4	mlx-community/Qwen3.5-0.8B-MLX-4bit	linear_quantized	prefill	model.layers.8.linear_attn.out_proj.weight	1	0.368540	368.540	[1x23x2048]	[1024x256]	23
qwen35_0p8b_native4	mlx-community/Qwen3.5-0.8B-MLX-4bit	linear_quantized	prefill	model.layers.8.mlp.down_proj.weight	1	0.285532	285.532	[1x23x3584]	[1024x448]	23
qwen35_0p8b_native4	mlx-community/Qwen3.5-0.8B-MLX-4bit	linear_quantized	prefill	model.layers.8.mlp.gate_up_proj.weight	1	0.281862	281.862	[1x23x1024]	[7168x128]	23
qwen35_0p8b_native4	mlx-community/Qwen3.5-0.8B-MLX-4bit	linear_quantized	prefill	model.layers.9.linear_attn.in_proj_qkv_z_ba.weight	1	0.351330	351.330	[1x23x1024]	[8224x128]	23
qwen35_0p8b_native4	mlx-community/Qwen3.5-0.8B-MLX-4bit	linear_quantized	prefill	model.layers.9.linear_attn.out_proj.weight	1	0.351970	351.970	[1x23x2048]	[1024x256]	23
qwen35_0p8b_native4	mlx-community/Qwen3.5-0.8B-MLX-4bit	linear_quantized	prefill	model.layers.9.mlp.down_proj.weight	1	0.284992	284.992	[1x23x3584]	[1024x448]	23
qwen35_0p8b_native4	mlx-community/Qwen3.5-0.8B-MLX-4bit	linear_quantized	prefill	model.layers.9.mlp.gate_up_proj.weight	1	0.275112	275.112	[1x23x1024]	[7168x128]	23
qwen3_0p6b_native4	mlx-community/Qwen3-0.6B-4bit	embedding_quantized	prefill	model.embed_tokens.weight	1	0.217973	217.973	[1x19]	[151936x128]	19
qwen3_0p6b_native4	mlx-community/Qwen3-0.6B-4bit	linear_quantized	prefill	model.layers.0.mlp.down_proj.weight	1	0.235703	235.703	[1x19x3072]	[1024x384]	19
qwen3_0p6b_native4	mlx-community/Qwen3-0.6B-4bit	linear_quantized	prefill	model.layers.0.mlp.gate_up_proj.weight	1	0.252472	252.472	[1x19x1024]	[6144x128]	19
qwen3_0p6b_native4	mlx-community/Qwen3-0.6B-4bit	linear_quantized	prefill	model.layers.0.self_attn.o_proj.weight	1	1.223430	1223.430	[1x19x2048]	[1024x256]	19
qwen3_0p6b_native4	mlx-community/Qwen3-0.6B-4bit	linear_quantized	prefill	model.layers.0.self_attn.qkv_proj.weight	1	0.310470	310.470	[1x19x1024]	[4096x128]	19
qwen3_0p6b_native4	mlx-community/Qwen3-0.6B-4bit	linear_quantized	prefill	model.layers.1.mlp.down_proj.weight	1	0.218773	218.773	[1x19x3072]	[1024x384]	19
qwen3_0p6b_native4	mlx-community/Qwen3-0.6B-4bit	linear_quantized	prefill	model.layers.1.mlp.gate_up_proj.weight	1	0.243613	243.613	[1x19x1024]	[6144x128]	19
qwen3_0p6b_native4	mlx-community/Qwen3-0.6B-4bit	linear_quantized	prefill	model.layers.1.self_attn.o_proj.weight	1	0.267782	267.782	[1x19x2048]	[1024x256]	19
qwen3_0p6b_native4	mlx-community/Qwen3-0.6B-4bit	linear_quantized	prefill	model.layers.1.self_attn.qkv_proj.weight	1	0.310561	310.561	[1x19x1024]	[4096x128]	19
qwen3_0p6b_native4	mlx-community/Qwen3-0.6B-4bit	linear_quantized	prefill	model.layers.10.mlp.down_proj.weight	1	0.269102	269.102	[1x19x3072]	[1024x384]	19
qwen3_0p6b_native4	mlx-community/Qwen3-0.6B-4bit	linear_quantized	prefill	model.layers.10.mlp.gate_up_proj.weight	1	0.241113	241.113	[1x19x1024]	[6144x128]	19
qwen3_0p6b_native4	mlx-community/Qwen3-0.6B-4bit	linear_quantized	prefill	model.layers.10.self_attn.o_proj.weight	1	0.272002	272.002	[1x19x2048]	[1024x256]	19
qwen3_0p6b_native4	mlx-community/Qwen3-0.6B-4bit	linear_quantized	prefill	model.layers.10.self_attn.qkv_proj.weight	1	0.297971	297.971	[1x19x1024]	[4096x128]	19
qwen3_0p6b_native4	mlx-community/Qwen3-0.6B-4bit	linear_quantized	prefill	model.layers.11.mlp.down_proj.weight	1	0.220303	220.303	[1x19x3072]	[1024x384]	19
qwen3_0p6b_native4	mlx-community/Qwen3-0.6B-4bit	linear_quantized	prefill	model.layers.11.mlp.gate_up_proj.weight	1	0.249583	249.583	[1x19x1024]	[6144x128]	19
qwen3_0p6b_native4	mlx-community/Qwen3-0.6B-4bit	linear_quantized	prefill	model.layers.11.self_attn.o_proj.weight	1	0.274462	274.462	[1x19x2048]	[1024x256]	19
qwen3_0p6b_native4	mlx-community/Qwen3-0.6B-4bit	linear_quantized	prefill	model.layers.11.self_attn.qkv_proj.weight	1	0.302501	302.501	[1x19x1024]	[4096x128]	19
qwen3_0p6b_native4	mlx-community/Qwen3-0.6B-4bit	linear_quantized	prefill	model.layers.12.mlp.down_proj.weight	1	0.216404	216.404	[1x19x3072]	[1024x384]	19
qwen3_0p6b_native4	mlx-community/Qwen3-0.6B-4bit	linear_quantized	prefill	model.layers.12.mlp.gate_up_proj.weight	1	0.248893	248.893	[1x19x1024]	[6144x128]	19
qwen3_0p6b_native4	mlx-community/Qwen3-0.6B-4bit	linear_quantized	prefill	model.layers.12.self_attn.o_proj.weight	1	0.274042	274.042	[1x19x2048]	[1024x256]	19
qwen3_0p6b_native4	mlx-community/Qwen3-0.6B-4bit	linear_quantized	prefill	model.layers.12.self_attn.qkv_proj.weight	1	0.303131	303.131	[1x19x1024]	[4096x128]	19
qwen3_0p6b_native4	mlx-community/Qwen3-0.6B-4bit	linear_quantized	prefill	model.layers.13.mlp.down_proj.weight	1	0.217054	217.054	[1x19x3072]	[1024x384]	19
qwen3_0p6b_native4	mlx-community/Qwen3-0.6B-4bit	linear_quantized	prefill	model.layers.13.mlp.gate_up_proj.weight	1	0.246353	246.353	[1x19x1024]	[6144x128]	19
qwen3_0p6b_native4	mlx-community/Qwen3-0.6B-4bit	linear_quantized	prefill	model.layers.13.self_attn.o_proj.weight	1	0.273372	273.372	[1x19x2048]	[1024x256]	19
qwen3_0p6b_native4	mlx-community/Qwen3-0.6B-4bit	linear_quantized	prefill	model.layers.13.self_attn.qkv_proj.weight	1	0.306931	306.931	[1x19x1024]	[4096x128]	19
qwen3_0p6b_native4	mlx-community/Qwen3-0.6B-4bit	linear_quantized	prefill	model.layers.14.mlp.down_proj.weight	1	0.222294	222.294	[1x19x3072]	[1024x384]	19
qwen3_0p6b_native4	mlx-community/Qwen3-0.6B-4bit	linear_quantized	prefill	model.layers.14.mlp.gate_up_proj.weight	1	0.253233	253.233	[1x19x1024]	[6144x128]	19
qwen3_0p6b_native4	mlx-community/Qwen3-0.6B-4bit	linear_quantized	prefill	model.layers.14.self_attn.o_proj.weight	1	0.277212	277.212	[1x19x2048]	[1024x256]	19
qwen3_0p6b_native4	mlx-community/Qwen3-0.6B-4bit	linear_quantized	prefill	model.layers.14.self_attn.qkv_proj.weight	1	0.298331	298.331	[1x19x1024]	[4096x128]	19
qwen3_0p6b_native4	mlx-community/Qwen3-0.6B-4bit	linear_quantized	prefill	model.layers.15.mlp.down_proj.weight	1	0.218864	218.864	[1x19x3072]	[1024x384]	19
qwen3_0p6b_native4	mlx-community/Qwen3-0.6B-4bit	linear_quantized	prefill	model.layers.15.mlp.gate_up_proj.weight	1	0.242633	242.633	[1x19x1024]	[6144x128]	19
qwen3_0p6b_native4	mlx-community/Qwen3-0.6B-4bit	linear_quantized	prefill	model.layers.15.self_attn.o_proj.weight	1	0.276732	276.732	[1x19x2048]	[1024x256]	19
qwen3_0p6b_native4	mlx-community/Qwen3-0.6B-4bit	linear_quantized	prefill	model.layers.15.self_attn.qkv_proj.weight	1	0.309171	309.171	[1x19x1024]	[4096x128]	19
qwen3_0p6b_native4	mlx-community/Qwen3-0.6B-4bit	linear_quantized	prefill	model.layers.16.mlp.down_proj.weight	1	0.220034	220.034	[1x19x3072]	[1024x384]	19
qwen3_0p6b_native4	mlx-community/Qwen3-0.6B-4bit	linear_quantized	prefill	model.layers.16.mlp.gate_up_proj.weight	1	0.249883	249.883	[1x19x1024]	[6144x128]	19
qwen3_0p6b_native4	mlx-community/Qwen3-0.6B-4bit	linear_quantized	prefill	model.layers.16.self_attn.o_proj.weight	1	0.272842	272.842	[1x19x2048]	[1024x256]	19
qwen3_0p6b_native4	mlx-community/Qwen3-0.6B-4bit	linear_quantized	prefill	model.layers.16.self_attn.qkv_proj.weight	1	0.303641	303.641	[1x19x1024]	[4096x128]	19
qwen3_0p6b_native4	mlx-community/Qwen3-0.6B-4bit	linear_quantized	prefill	model.layers.17.mlp.down_proj.weight	1	0.213684	213.684	[1x19x3072]	[1024x384]	19
qwen3_0p6b_native4	mlx-community/Qwen3-0.6B-4bit	linear_quantized	prefill	model.layers.17.mlp.gate_up_proj.weight	1	0.244743	244.743	[1x19x1024]	[6144x128]	19
qwen3_0p6b_native4	mlx-community/Qwen3-0.6B-4bit	linear_quantized	prefill	model.layers.17.self_attn.o_proj.weight	1	0.272182	272.182	[1x19x2048]	[1024x256]	19
qwen3_0p6b_native4	mlx-community/Qwen3-0.6B-4bit	linear_quantized	prefill	model.layers.17.self_attn.qkv_proj.weight	1	0.303801	303.801	[1x19x1024]	[4096x128]	19
qwen3_0p6b_native4	mlx-community/Qwen3-0.6B-4bit	linear_quantized	prefill	model.layers.18.mlp.down_proj.weight	1	0.222344	222.344	[1x19x3072]	[1024x384]	19
qwen3_0p6b_native4	mlx-community/Qwen3-0.6B-4bit	linear_quantized	prefill	model.layers.18.mlp.gate_up_proj.weight	1	0.244693	244.693	[1x19x1024]	[6144x128]	19
qwen3_0p6b_native4	mlx-community/Qwen3-0.6B-4bit	linear_quantized	prefill	model.layers.18.self_attn.o_proj.weight	1	0.275502	275.502	[1x19x2048]	[1024x256]	19
qwen3_0p6b_native4	mlx-community/Qwen3-0.6B-4bit	linear_quantized	prefill	model.layers.18.self_attn.qkv_proj.weight	1	0.302532	302.532	[1x19x1024]	[4096x128]	19
qwen3_0p6b_native4	mlx-community/Qwen3-0.6B-4bit	linear_quantized	prefill	model.layers.19.mlp.down_proj.weight	1	0.217594	217.594	[1x19x3072]	[1024x384]	19
qwen3_0p6b_native4	mlx-community/Qwen3-0.6B-4bit	linear_quantized	prefill	model.layers.19.mlp.gate_up_proj.weight	1	0.242003	242.003	[1x19x1024]	[6144x128]	19
qwen3_0p6b_native4	mlx-community/Qwen3-0.6B-4bit	linear_quantized	prefill	model.layers.19.self_attn.o_proj.weight	1	0.272602	272.602	[1x19x2048]	[1024x256]	19
qwen3_0p6b_native4	mlx-community/Qwen3-0.6B-4bit	linear_quantized	prefill	model.layers.19.self_attn.qkv_proj.weight	1	0.294721	294.721	[1x19x1024]	[4096x128]	19
qwen3_0p6b_native4	mlx-community/Qwen3-0.6B-4bit	linear_quantized	prefill	model.layers.2.mlp.down_proj.weight	1	0.218634	218.634	[1x19x3072]	[1024x384]	19
qwen3_0p6b_native4	mlx-community/Qwen3-0.6B-4bit	linear_quantized	prefill	model.layers.2.mlp.gate_up_proj.weight	1	0.239353	239.353	[1x19x1024]	[6144x128]	19
qwen3_0p6b_native4	mlx-community/Qwen3-0.6B-4bit	linear_quantized	prefill	model.layers.2.self_attn.o_proj.weight	1	0.268272	268.272	[1x19x2048]	[1024x256]	19
qwen3_0p6b_native4	mlx-community/Qwen3-0.6B-4bit	linear_quantized	prefill	model.layers.2.self_attn.qkv_proj.weight	1	0.300111	300.111	[1x19x1024]	[4096x128]	19
qwen3_0p6b_native4	mlx-community/Qwen3-0.6B-4bit	linear_quantized	prefill	model.layers.20.mlp.down_proj.weight	1	0.218453	218.453	[1x19x3072]	[1024x384]	19
qwen3_0p6b_native4	mlx-community/Qwen3-0.6B-4bit	linear_quantized	prefill	model.layers.20.mlp.gate_up_proj.weight	1	0.244643	244.643	[1x19x1024]	[6144x128]	19
qwen3_0p6b_native4	mlx-community/Qwen3-0.6B-4bit	linear_quantized	prefill	model.layers.20.self_attn.o_proj.weight	1	0.268282	268.282	[1x19x2048]	[1024x256]	19
qwen3_0p6b_native4	mlx-community/Qwen3-0.6B-4bit	linear_quantized	prefill	model.layers.20.self_attn.qkv_proj.weight	1	0.296632	296.632	[1x19x1024]	[4096x128]	19
qwen3_0p6b_native4	mlx-community/Qwen3-0.6B-4bit	linear_quantized	prefill	model.layers.21.mlp.down_proj.weight	1	0.241253	241.253	[1x19x3072]	[1024x384]	19
qwen3_0p6b_native4	mlx-community/Qwen3-0.6B-4bit	linear_quantized	prefill	model.layers.21.mlp.gate_up_proj.weight	1	0.241193	241.193	[1x19x1024]	[6144x128]	19
qwen3_0p6b_native4	mlx-community/Qwen3-0.6B-4bit	linear_quantized	prefill	model.layers.21.self_attn.o_proj.weight	1	0.276342	276.342	[1x19x2048]	[1024x256]	19
qwen3_0p6b_native4	mlx-community/Qwen3-0.6B-4bit	linear_quantized	prefill	model.layers.21.self_attn.qkv_proj.weight	1	0.301901	301.901	[1x19x1024]	[4096x128]	19
qwen3_0p6b_native4	mlx-community/Qwen3-0.6B-4bit	linear_quantized	prefill	model.layers.22.mlp.down_proj.weight	1	0.221514	221.514	[1x19x3072]	[1024x384]	19
qwen3_0p6b_native4	mlx-community/Qwen3-0.6B-4bit	linear_quantized	prefill	model.layers.22.mlp.gate_up_proj.weight	1	0.257602	257.602	[1x19x1024]	[6144x128]	19
qwen3_0p6b_native4	mlx-community/Qwen3-0.6B-4bit	linear_quantized	prefill	model.layers.22.self_attn.o_proj.weight	1	0.280981	280.981	[1x19x2048]	[1024x256]	19
qwen3_0p6b_native4	mlx-community/Qwen3-0.6B-4bit	linear_quantized	prefill	model.layers.22.self_attn.qkv_proj.weight	1	0.304121	304.121	[1x19x1024]	[4096x128]	19
qwen3_0p6b_native4	mlx-community/Qwen3-0.6B-4bit	linear_quantized	prefill	model.layers.23.mlp.down_proj.weight	1	0.221693	221.693	[1x19x3072]	[1024x384]	19
qwen3_0p6b_native4	mlx-community/Qwen3-0.6B-4bit	linear_quantized	prefill	model.layers.23.mlp.gate_up_proj.weight	1	0.243182	243.182	[1x19x1024]	[6144x128]	19
qwen3_0p6b_native4	mlx-community/Qwen3-0.6B-4bit	linear_quantized	prefill	model.layers.23.self_attn.o_proj.weight	1	0.272882	272.882	[1x19x2048]	[1024x256]	19
qwen3_0p6b_native4	mlx-community/Qwen3-0.6B-4bit	linear_quantized	prefill	model.layers.23.self_attn.qkv_proj.weight	1	0.383309	383.309	[1x19x1024]	[4096x128]	19
qwen3_0p6b_native4	mlx-community/Qwen3-0.6B-4bit	linear_quantized	prefill	model.layers.24.mlp.down_proj.weight	1	0.221693	221.693	[1x19x3072]	[1024x384]	19
qwen3_0p6b_native4	mlx-community/Qwen3-0.6B-4bit	linear_quantized	prefill	model.layers.24.mlp.gate_up_proj.weight	1	0.241263	241.263	[1x19x1024]	[6144x128]	19
qwen3_0p6b_native4	mlx-community/Qwen3-0.6B-4bit	linear_quantized	prefill	model.layers.24.self_attn.o_proj.weight	1	0.275772	275.772	[1x19x2048]	[1024x256]	19
qwen3_0p6b_native4	mlx-community/Qwen3-0.6B-4bit	linear_quantized	prefill	model.layers.24.self_attn.qkv_proj.weight	1	0.302061	302.061	[1x19x1024]	[4096x128]	19
qwen3_0p6b_native4	mlx-community/Qwen3-0.6B-4bit	linear_quantized	prefill	model.layers.25.mlp.down_proj.weight	1	0.222944	222.944	[1x19x3072]	[1024x384]	19
qwen3_0p6b_native4	mlx-community/Qwen3-0.6B-4bit	linear_quantized	prefill	model.layers.25.mlp.gate_up_proj.weight	1	0.240293	240.293	[1x19x1024]	[6144x128]	19
qwen3_0p6b_native4	mlx-community/Qwen3-0.6B-4bit	linear_quantized	prefill	model.layers.25.self_attn.o_proj.weight	1	0.272102	272.102	[1x19x2048]	[1024x256]	19
qwen3_0p6b_native4	mlx-community/Qwen3-0.6B-4bit	linear_quantized	prefill	model.layers.25.self_attn.qkv_proj.weight	1	0.309980	309.980	[1x19x1024]	[4096x128]	19
qwen3_0p6b_native4	mlx-community/Qwen3-0.6B-4bit	linear_quantized	prefill	model.layers.26.mlp.down_proj.weight	1	0.216403	216.403	[1x19x3072]	[1024x384]	19
qwen3_0p6b_native4	mlx-community/Qwen3-0.6B-4bit	linear_quantized	prefill	model.layers.26.mlp.gate_up_proj.weight	1	0.251363	251.363	[1x19x1024]	[6144x128]	19
qwen3_0p6b_native4	mlx-community/Qwen3-0.6B-4bit	linear_quantized	prefill	model.layers.26.self_attn.o_proj.weight	1	0.294801	294.801	[1x19x2048]	[1024x256]	19
qwen3_0p6b_native4	mlx-community/Qwen3-0.6B-4bit	linear_quantized	prefill	model.layers.26.self_attn.qkv_proj.weight	1	0.296422	296.422	[1x19x1024]	[4096x128]	19
qwen3_0p6b_native4	mlx-community/Qwen3-0.6B-4bit	linear_quantized	prefill	model.layers.27.mlp.down_proj.weight	1	0.241383	241.383	[1x19x3072]	[1024x384]	19
qwen3_0p6b_native4	mlx-community/Qwen3-0.6B-4bit	linear_quantized	prefill	model.layers.27.mlp.gate_up_proj.weight	1	0.250893	250.893	[1x19x1024]	[6144x128]	19
qwen3_0p6b_native4	mlx-community/Qwen3-0.6B-4bit	linear_quantized	prefill	model.layers.27.self_attn.o_proj.weight	1	0.270482	270.482	[1x19x2048]	[1024x256]	19
qwen3_0p6b_native4	mlx-community/Qwen3-0.6B-4bit	linear_quantized	prefill	model.layers.27.self_attn.qkv_proj.weight	1	0.300931	300.931	[1x19x1024]	[4096x128]	19
qwen3_0p6b_native4	mlx-community/Qwen3-0.6B-4bit	linear_quantized	prefill	model.layers.3.mlp.down_proj.weight	1	0.220724	220.724	[1x19x3072]	[1024x384]	19
qwen3_0p6b_native4	mlx-community/Qwen3-0.6B-4bit	linear_quantized	prefill	model.layers.3.mlp.gate_up_proj.weight	1	0.234494	234.494	[1x19x1024]	[6144x128]	19
qwen3_0p6b_native4	mlx-community/Qwen3-0.6B-4bit	linear_quantized	prefill	model.layers.3.self_attn.o_proj.weight	1	0.258602	258.602	[1x19x2048]	[1024x256]	19
qwen3_0p6b_native4	mlx-community/Qwen3-0.6B-4bit	linear_quantized	prefill	model.layers.3.self_attn.qkv_proj.weight	1	0.294561	294.561	[1x19x1024]	[4096x128]	19
qwen3_0p6b_native4	mlx-community/Qwen3-0.6B-4bit	linear_quantized	prefill	model.layers.4.mlp.down_proj.weight	1	0.221203	221.203	[1x19x3072]	[1024x384]	19
qwen3_0p6b_native4	mlx-community/Qwen3-0.6B-4bit	linear_quantized	prefill	model.layers.4.mlp.gate_up_proj.weight	1	0.225533	225.533	[1x19x1024]	[6144x128]	19
qwen3_0p6b_native4	mlx-community/Qwen3-0.6B-4bit	linear_quantized	prefill	model.layers.4.self_attn.o_proj.weight	1	0.272482	272.482	[1x19x2048]	[1024x256]	19
qwen3_0p6b_native4	mlx-community/Qwen3-0.6B-4bit	linear_quantized	prefill	model.layers.4.self_attn.qkv_proj.weight	1	0.296701	296.701	[1x19x1024]	[4096x128]	19
qwen3_0p6b_native4	mlx-community/Qwen3-0.6B-4bit	linear_quantized	prefill	model.layers.5.mlp.down_proj.weight	1	0.217984	217.984	[1x19x3072]	[1024x384]	19
qwen3_0p6b_native4	mlx-community/Qwen3-0.6B-4bit	linear_quantized	prefill	model.layers.5.mlp.gate_up_proj.weight	1	0.227554	227.554	[1x19x1024]	[6144x128]	19
qwen3_0p6b_native4	mlx-community/Qwen3-0.6B-4bit	linear_quantized	prefill	model.layers.5.self_attn.o_proj.weight	1	0.274862	274.862	[1x19x2048]	[1024x256]	19
qwen3_0p6b_native4	mlx-community/Qwen3-0.6B-4bit	linear_quantized	prefill	model.layers.5.self_attn.qkv_proj.weight	1	0.299301	299.301	[1x19x1024]	[4096x128]	19
qwen3_0p6b_native4	mlx-community/Qwen3-0.6B-4bit	linear_quantized	prefill	model.layers.6.mlp.down_proj.weight	1	0.219704	219.704	[1x19x3072]	[1024x384]	19
qwen3_0p6b_native4	mlx-community/Qwen3-0.6B-4bit	linear_quantized	prefill	model.layers.6.mlp.gate_up_proj.weight	1	0.245093	245.093	[1x19x1024]	[6144x128]	19
qwen3_0p6b_native4	mlx-community/Qwen3-0.6B-4bit	linear_quantized	prefill	model.layers.6.self_attn.o_proj.weight	1	0.274032	274.032	[1x19x2048]	[1024x256]	19
qwen3_0p6b_native4	mlx-community/Qwen3-0.6B-4bit	linear_quantized	prefill	model.layers.6.self_attn.qkv_proj.weight	1	0.298651	298.651	[1x19x1024]	[4096x128]	19
qwen3_0p6b_native4	mlx-community/Qwen3-0.6B-4bit	linear_quantized	prefill	model.layers.7.mlp.down_proj.weight	1	0.217794	217.794	[1x19x3072]	[1024x384]	19
qwen3_0p6b_native4	mlx-community/Qwen3-0.6B-4bit	linear_quantized	prefill	model.layers.7.mlp.gate_up_proj.weight	1	0.242773	242.773	[1x19x1024]	[6144x128]	19
qwen3_0p6b_native4	mlx-community/Qwen3-0.6B-4bit	linear_quantized	prefill	model.layers.7.self_attn.o_proj.weight	1	0.274262	274.262	[1x19x2048]	[1024x256]	19
qwen3_0p6b_native4	mlx-community/Qwen3-0.6B-4bit	linear_quantized	prefill	model.layers.7.self_attn.qkv_proj.weight	1	0.301111	301.111	[1x19x1024]	[4096x128]	19
qwen3_0p6b_native4	mlx-community/Qwen3-0.6B-4bit	linear_quantized	prefill	model.layers.8.mlp.down_proj.weight	1	0.216003	216.003	[1x19x3072]	[1024x384]	19
qwen3_0p6b_native4	mlx-community/Qwen3-0.6B-4bit	linear_quantized	prefill	model.layers.8.mlp.gate_up_proj.weight	1	0.249873	249.873	[1x19x1024]	[6144x128]	19
qwen3_0p6b_native4	mlx-community/Qwen3-0.6B-4bit	linear_quantized	prefill	model.layers.8.self_attn.o_proj.weight	1	0.274552	274.552	[1x19x2048]	[1024x256]	19
qwen3_0p6b_native4	mlx-community/Qwen3-0.6B-4bit	linear_quantized	prefill	model.layers.8.self_attn.qkv_proj.weight	1	0.298621	298.621	[1x19x1024]	[4096x128]	19
qwen3_0p6b_native4	mlx-community/Qwen3-0.6B-4bit	linear_quantized	prefill	model.layers.9.mlp.down_proj.weight	1	0.217474	217.474	[1x19x3072]	[1024x384]	19
qwen3_0p6b_native4	mlx-community/Qwen3-0.6B-4bit	linear_quantized	prefill	model.layers.9.mlp.gate_up_proj.weight	1	0.248583	248.583	[1x19x1024]	[6144x128]	19
qwen3_0p6b_native4	mlx-community/Qwen3-0.6B-4bit	linear_quantized	prefill	model.layers.9.self_attn.o_proj.weight	1	0.274602	274.602	[1x19x2048]	[1024x256]	19
qwen3_0p6b_native4	mlx-community/Qwen3-0.6B-4bit	linear_quantized	prefill	model.layers.9.self_attn.qkv_proj.weight	1	0.304791	304.791	[1x19x1024]	[4096x128]	19
